SRC:DEST,dVal,0xMSB,0xLSB
Ip1:LR,16384,40,00
Ip1:Aux1,16452,40,44
Ip1:Aux2,16453,40,45
Ip1:Aux3,16454,40,46
Ip1:Aux4,16455,40,47
Ip1:Aux5,16456,40,48
Ip1:Aux6,16457,40,49
Ip1:Aux7,16458,40,4A
Ip1:Aux8,16459,40,4B
Ip1:Aux9,16460,40,4C
Ip1:Aux10,16461,40,4D
Ip1:Aux11,16462,40,4E
Ip1:Aux12,16463,40,4F
Ip2:LR,16385,40,01
Ip2:Aux1,16464,40,50
Ip2:Aux2,16465,40,51
Ip2:Aux3,16466,40,52
Ip2:Aux4,16467,40,53
Ip2:Aux5,16468,40,54
Ip2:Aux6,16469,40,55
Ip2:Aux7,16470,40,56
Ip2:Aux8,16471,40,57
Ip2:Aux9,16472,40,58
Ip2:Aux10,16473,40,59
Ip2:Aux11,16474,40,5A
Ip2:Aux12,16475,40,5B
Ip3:LR,16386,40,02
Ip3:Aux1,16476,40,5C
Ip3:Aux2,16477,40,5D
Ip3:Aux3,16478,40,5E
Ip3:Aux4,16479,40,5F
Ip3:Aux5,16480,40,60
Ip3:Aux6,16481,40,61
Ip3:Aux7,16482,40,62
Ip3:Aux8,16483,40,63
Ip3:Aux9,16484,40,64
Ip3:Aux10,16485,40,65
Ip3:Aux11,16486,40,66
Ip3:Aux12,16487,40,67
Ip4:LR,16387,40,03
Ip4:Aux1,16488,40,68
Ip4:Aux2,16489,40,69
Ip4:Aux3,16490,40,6A
Ip4:Aux4,16491,40,6B
Ip4:Aux5,16492,40,6C
Ip4:Aux6,16493,40,6D
Ip4:Aux7,16494,40,6E
Ip4:Aux8,16495,40,6F
Ip4:Aux9,16496,40,70
Ip4:Aux10,16497,40,71
Ip4:Aux11,16498,40,72
Ip4:Aux12,16499,40,73
Ip5:LR,16388,40,04
Ip5:Aux1,16500,40,74
Ip5:Aux2,16501,40,75
Ip5:Aux3,16502,40,76
Ip5:Aux4,16503,40,77
Ip5:Aux5,16504,40,78
Ip5:Aux6,16505,40,79
Ip5:Aux7,16506,40,7A
Ip5:Aux8,16507,40,7B
Ip5:Aux9,16508,40,7C
Ip5:Aux10,16509,40,7D
Ip5:Aux11,16510,40,7E
Ip5:Aux12,16511,40,7F
Ip6:LR,16389,40,05
Ip6:Aux1,16640,41,00
Ip6:Aux2,16641,41,01
Ip6:Aux3,16642,41,02
Ip6:Aux4,16643,41,03
Ip6:Aux5,16644,41,04
Ip6:Aux6,16645,41,05
Ip6:Aux7,16646,41,06
Ip6:Aux8,16647,41,07
Ip6:Aux9,16648,41,08
Ip6:Aux10,16649,41,09
Ip6:Aux11,16650,41,0A
Ip6:Aux12,16651,41,0B
Ip7:LR,16390,40,06
Ip7:Aux1,16652,41,0C
Ip7:Aux2,16653,41,0D
Ip7:Aux3,16654,41,0E
Ip7:Aux4,16655,41,0F
Ip7:Aux5,16656,41,10
Ip7:Aux6,16657,41,11
Ip7:Aux7,16658,41,12
Ip7:Aux8,16659,41,13
Ip7:Aux9,16660,41,14
Ip7:Aux10,16661,41,15
Ip7:Aux11,16662,41,16
Ip7:Aux12,16663,41,17
Ip8:LR,16391,40,07
Ip8:Aux1,16664,41,18
Ip8:Aux2,16665,41,19
Ip8:Aux3,16666,41,1A
Ip8:Aux4,16667,41,1B
Ip8:Aux5,16668,41,1C
Ip8:Aux6,16669,41,1D
Ip8:Aux7,16670,41,1E
Ip8:Aux8,16671,41,1F
Ip8:Aux9,16672,41,20
Ip8:Aux10,16673,41,21
Ip8:Aux11,16674,41,22
Ip8:Aux12,16675,41,23
Ip9:LR,16392,40,08
Ip9:Aux1,16676,41,24
Ip9:Aux2,16677,41,25
Ip9:Aux3,16678,41,26
Ip9:Aux4,16679,41,27
Ip9:Aux5,16680,41,28
Ip9:Aux6,16681,41,29
Ip9:Aux7,16682,41,2A
Ip9:Aux8,16683,41,2B
Ip9:Aux9,16684,41,2C
Ip9:Aux10,16685,41,2D
Ip9:Aux11,16686,41,2E
Ip9:Aux12,16687,41,2F
Ip10:LR,16393,40,09
Ip10:Aux1,16688,41,30
Ip10:Aux2,16689,41,31
Ip10:Aux3,16690,41,32
Ip10:Aux4,16691,41,33
Ip10:Aux5,16692,41,34
Ip10:Aux6,16693,41,35
Ip10:Aux7,16694,41,36
Ip10:Aux8,16695,41,37
Ip10:Aux9,16696,41,38
Ip10:Aux10,16697,41,39
Ip10:Aux11,16698,41,3A
Ip10:Aux12,16699,41,3B
Ip11:LR,16394,40,0A
Ip11:Aux1,16700,41,3C
Ip11:Aux2,16701,41,3D
Ip11:Aux3,16702,41,3E
Ip11:Aux4,16703,41,3F
Ip11:Aux5,16704,41,40
Ip11:Aux6,16705,41,41
Ip11:Aux7,16706,41,42
Ip11:Aux8,16707,41,43
Ip11:Aux9,16708,41,44
Ip11:Aux10,16709,41,45
Ip11:Aux11,16710,41,46
Ip11:Aux12,16711,41,47
Ip12:LR,16395,40,0B
Ip12:Aux1,16712,41,48
Ip12:Aux2,16713,41,49
Ip12:Aux3,16714,41,4A
Ip12:Aux4,16715,41,4B
Ip12:Aux5,16716,41,4C
Ip12:Aux6,16717,41,4D
Ip12:Aux7,16718,41,4E
Ip12:Aux8,16719,41,4F
Ip12:Aux9,16720,41,50
Ip12:Aux10,16721,41,51
Ip12:Aux11,16722,41,52
Ip12:Aux12,16723,41,53
Ip13:LR,16396,40,0C
Ip13:Aux1,16724,41,54
Ip13:Aux2,16725,41,55
Ip13:Aux3,16726,41,56
Ip13:Aux4,16727,41,57
Ip13:Aux5,16728,41,58
Ip13:Aux6,16729,41,59
Ip13:Aux7,16730,41,5A
Ip13:Aux8,16731,41,5B
Ip13:Aux9,16732,41,5C
Ip13:Aux10,16733,41,5D
Ip13:Aux11,16734,41,5E
Ip13:Aux12,16735,41,5F
Ip14:LR,16397,40,0D
Ip14:Aux1,16736,41,60
Ip14:Aux2,16737,41,61
Ip14:Aux3,16738,41,62
Ip14:Aux4,16739,41,63
Ip14:Aux5,16740,41,64
Ip14:Aux6,16741,41,65
Ip14:Aux7,16742,41,66
Ip14:Aux8,16743,41,67
Ip14:Aux9,16744,41,68
Ip14:Aux10,16745,41,69
Ip14:Aux11,16746,41,6A
Ip14:Aux12,16747,41,6B
Ip15:LR,16398,40,0E
Ip15:Aux1,16748,41,6C
Ip15:Aux2,16749,41,6D
Ip15:Aux3,16750,41,6E
Ip15:Aux4,16751,41,6F
Ip15:Aux5,16752,41,70
Ip15:Aux6,16753,41,71
Ip15:Aux7,16754,41,72
Ip15:Aux8,16755,41,73
Ip15:Aux9,16756,41,74
Ip15:Aux10,16757,41,75
Ip15:Aux11,16758,41,76
Ip15:Aux12,16759,41,77
Ip16:LR,16399,40,0F
Ip16:Aux1,16760,41,78
Ip16:Aux2,16761,41,79
Ip16:Aux3,16762,41,7A
Ip16:Aux4,16763,41,7B
Ip16:Aux5,16764,41,7C
Ip16:Aux6,16765,41,7D
Ip16:Aux7,16766,41,7E
Ip16:Aux8,16767,41,7F
Ip16:Aux9,16896,42,00
Ip16:Aux10,16897,42,01
Ip16:Aux11,16898,42,02
Ip16:Aux12,16899,42,03
Ip17:LR,16400,40,10
Ip17:Aux1,16900,42,04
Ip17:Aux2,16901,42,05
Ip17:Aux3,16902,42,06
Ip17:Aux4,16903,42,07
Ip17:Aux5,16904,42,08
Ip17:Aux6,16905,42,09
Ip17:Aux7,16906,42,0A
Ip17:Aux8,16907,42,0B
Ip17:Aux9,16908,42,0C
Ip17:Aux10,16909,42,0D
Ip17:Aux11,16910,42,0E
Ip17:Aux12,16911,42,0F
Ip18:LR,16401,40,11
Ip18:Aux1,16912,42,10
Ip18:Aux2,16913,42,11
Ip18:Aux3,16914,42,12
Ip18:Aux4,16915,42,13
Ip18:Aux5,16916,42,14
Ip18:Aux6,16917,42,15
Ip18:Aux7,16918,42,16
Ip18:Aux8,16919,42,17
Ip18:Aux9,16920,42,18
Ip18:Aux10,16921,42,19
Ip18:Aux11,16922,42,1A
Ip18:Aux12,16923,42,1B
Ip19:LR,16402,40,12
Ip19:Aux1,16924,42,1C
Ip19:Aux2,16925,42,1D
Ip19:Aux3,16926,42,1E
Ip19:Aux4,16927,42,1F
Ip19:Aux5,16928,42,20
Ip19:Aux6,16929,42,21
Ip19:Aux7,16930,42,22
Ip19:Aux8,16931,42,23
Ip19:Aux9,16932,42,24
Ip19:Aux10,16933,42,25
Ip19:Aux11,16934,42,26
Ip19:Aux12,16935,42,27
Ip20:LR,16403,40,13
Ip20:Aux1,16936,42,28
Ip20:Aux2,16937,42,29
Ip20:Aux3,16938,42,2A
Ip20:Aux4,16939,42,2B
Ip20:Aux5,16940,42,2C
Ip20:Aux6,16941,42,2D
Ip20:Aux7,16942,42,2E
Ip20:Aux8,16943,42,2F
Ip20:Aux9,16944,42,30
Ip20:Aux10,16945,42,31
Ip20:Aux11,16946,42,32
Ip20:Aux12,16947,42,33
Ip21:LR,16404,40,14
Ip21:Aux1,16948,42,34
Ip21:Aux2,16949,42,35
Ip21:Aux3,16950,42,36
Ip21:Aux4,16951,42,37
Ip21:Aux5,16952,42,38
Ip21:Aux6,16953,42,39
Ip21:Aux7,16954,42,3A
Ip21:Aux8,16955,42,3B
Ip21:Aux9,16956,42,3C
Ip21:Aux10,16957,42,3D
Ip21:Aux11,16958,42,3E
Ip21:Aux12,16959,42,3F
Ip22:LR,16405,40,15
Ip22:Aux1,16960,42,40
Ip22:Aux2,16961,42,41
Ip22:Aux3,16962,42,42
Ip22:Aux4,16963,42,43
Ip22:Aux5,16964,42,44
Ip22:Aux6,16965,42,45
Ip22:Aux7,16966,42,46
Ip22:Aux8,16967,42,47
Ip22:Aux9,16968,42,48
Ip22:Aux10,16969,42,49
Ip22:Aux11,16970,42,4A
Ip22:Aux12,16971,42,4B
Ip23:LR,16406,40,16
Ip23:Aux1,16972,42,4C
Ip23:Aux2,16973,42,4D
Ip23:Aux3,16974,42,4E
Ip23:Aux4,16975,42,4F
Ip23:Aux5,16976,42,50
Ip23:Aux6,16977,42,51
Ip23:Aux7,16978,42,52
Ip23:Aux8,16979,42,53
Ip23:Aux9,16980,42,54
Ip23:Aux10,16981,42,55
Ip23:Aux11,16982,42,56
Ip23:Aux12,16983,42,57
Ip24:LR,16407,40,17
Ip24:Aux1,16984,42,58
Ip24:Aux2,16985,42,59
Ip24:Aux3,16986,42,5A
Ip24:Aux4,16987,42,5B
Ip24:Aux5,16988,42,5C
Ip24:Aux6,16989,42,5D
Ip24:Aux7,16990,42,5E
Ip24:Aux8,16991,42,5F
Ip24:Aux9,16992,42,60
Ip24:Aux10,16993,42,61
Ip24:Aux11,16994,42,62
Ip24:Aux12,16995,42,63
Ip25:LR,16408,40,18
Ip25:Aux1,16996,42,64
Ip25:Aux2,16997,42,65
Ip25:Aux3,16998,42,66
Ip25:Aux4,16999,42,67
Ip25:Aux5,17000,42,68
Ip25:Aux6,17001,42,69
Ip25:Aux7,17002,42,6A
Ip25:Aux8,17003,42,6B
Ip25:Aux9,17004,42,6C
Ip25:Aux10,17005,42,6D
Ip25:Aux11,17006,42,6E
Ip25:Aux12,17007,42,6F
Ip26:LR,16409,40,19
Ip26:Aux1,17008,42,70
Ip26:Aux2,17009,42,71
Ip26:Aux3,17010,42,72
Ip26:Aux4,17011,42,73
Ip26:Aux5,17012,42,74
Ip26:Aux6,17013,42,75
Ip26:Aux7,17014,42,76
Ip26:Aux8,17015,42,77
Ip26:Aux9,17016,42,78
Ip26:Aux10,17017,42,79
Ip26:Aux11,17018,42,7A
Ip26:Aux12,17019,42,7B
Ip27:LR,16410,40,1A
Ip27:Aux1,17020,42,7C
Ip27:Aux2,17021,42,7D
Ip27:Aux3,17022,42,7E
Ip27:Aux4,17023,42,7F
Ip27:Aux5,17152,43,00
Ip27:Aux6,17153,43,01
Ip27:Aux7,17154,43,02
Ip27:Aux8,17155,43,03
Ip27:Aux9,17156,43,04
Ip27:Aux10,17157,43,05
Ip27:Aux11,17158,43,06
Ip27:Aux12,17159,43,07
Ip28:LR,16411,40,1B
Ip28:Aux1,17160,43,08
Ip28:Aux2,17161,43,09
Ip28:Aux3,17162,43,0A
Ip28:Aux4,17163,43,0B
Ip28:Aux5,17164,43,0C
Ip28:Aux6,17165,43,0D
Ip28:Aux7,17166,43,0E
Ip28:Aux8,17167,43,0F
Ip28:Aux9,17168,43,10
Ip28:Aux10,17169,43,11
Ip28:Aux11,17170,43,12
Ip28:Aux12,17171,43,13
Ip29:LR,16412,40,1C
Ip29:Aux1,17172,43,14
Ip29:Aux2,17173,43,15
Ip29:Aux3,17174,43,16
Ip29:Aux4,17175,43,17
Ip29:Aux5,17176,43,18
Ip29:Aux6,17177,43,19
Ip29:Aux7,17178,43,1A
Ip29:Aux8,17179,43,1B
Ip29:Aux9,17180,43,1C
Ip29:Aux10,17181,43,1D
Ip29:Aux11,17182,43,1E
Ip29:Aux12,17183,43,1F
Ip30:LR,16413,40,1D
Ip30:Aux1,17184,43,20
Ip30:Aux2,17185,43,21
Ip30:Aux3,17186,43,22
Ip30:Aux4,17187,43,23
Ip30:Aux5,17188,43,24
Ip30:Aux6,17189,43,25
Ip30:Aux7,17190,43,26
Ip30:Aux8,17191,43,27
Ip30:Aux9,17192,43,28
Ip30:Aux10,17193,43,29
Ip30:Aux11,17194,43,2A
Ip30:Aux12,17195,43,2B
Ip31:LR,16414,40,1E
Ip31:Aux1,17196,43,2C
Ip31:Aux2,17197,43,2D
Ip31:Aux3,17198,43,2E
Ip31:Aux4,17199,43,2F
Ip31:Aux5,17200,43,30
Ip31:Aux6,17201,43,31
Ip31:Aux7,17202,43,32
Ip31:Aux8,17203,43,33
Ip31:Aux9,17204,43,34
Ip31:Aux10,17205,43,35
Ip31:Aux11,17206,43,36
Ip31:Aux12,17207,43,37
Ip32:LR,16415,40,1F
Ip32:Aux1,17208,43,38
Ip32:Aux2,17209,43,39
Ip32:Aux3,17210,43,3A
Ip32:Aux4,17211,43,3B
Ip32:Aux5,17212,43,3C
Ip32:Aux6,17213,43,3D
Ip32:Aux7,17214,43,3E
Ip32:Aux8,17215,43,3F
Ip32:Aux9,17216,43,40
Ip32:Aux10,17217,43,41
Ip32:Aux11,17218,43,42
Ip32:Aux12,17219,43,43
Ip33:LR,16416,40,20
Ip33:Aux1,17220,43,44
Ip33:Aux2,17221,43,45
Ip33:Aux3,17222,43,46
Ip33:Aux4,17223,43,47
Ip33:Aux5,17224,43,48
Ip33:Aux6,17225,43,49
Ip33:Aux7,17226,43,4A
Ip33:Aux8,17227,43,4B
Ip33:Aux9,17228,43,4C
Ip33:Aux10,17229,43,4D
Ip33:Aux11,17230,43,4E
Ip33:Aux12,17231,43,4F
Ip34:LR,16417,40,21
Ip34:Aux1,17232,43,50
Ip34:Aux2,17233,43,51
Ip34:Aux3,17234,43,52
Ip34:Aux4,17235,43,53
Ip34:Aux5,17236,43,54
Ip34:Aux6,17237,43,55
Ip34:Aux7,17238,43,56
Ip34:Aux8,17239,43,57
Ip34:Aux9,17240,43,58
Ip34:Aux10,17241,43,59
Ip34:Aux11,17242,43,5A
Ip34:Aux12,17243,43,5B
Ip35:LR,16418,40,22
Ip35:Aux1,17244,43,5C
Ip35:Aux2,17245,43,5D
Ip35:Aux3,17246,43,5E
Ip35:Aux4,17247,43,5F
Ip35:Aux5,17248,43,60
Ip35:Aux6,17249,43,61
Ip35:Aux7,17250,43,62
Ip35:Aux8,17251,43,63
Ip35:Aux9,17252,43,64
Ip35:Aux10,17253,43,65
Ip35:Aux11,17254,43,66
Ip35:Aux12,17255,43,67
Ip36:LR,16419,40,23
Ip36:Aux1,17256,43,68
Ip36:Aux2,17257,43,69
Ip36:Aux3,17258,43,6A
Ip36:Aux4,17259,43,6B
Ip36:Aux5,17260,43,6C
Ip36:Aux6,17261,43,6D
Ip36:Aux7,17262,43,6E
Ip36:Aux8,17263,43,6F
Ip36:Aux9,17264,43,70
Ip36:Aux10,17265,43,71
Ip36:Aux11,17266,43,72
Ip36:Aux12,17267,43,73
Ip37:LR,16420,40,24
Ip37:Aux1,17268,43,74
Ip37:Aux2,17269,43,75
Ip37:Aux3,17270,43,76
Ip37:Aux4,17271,43,77
Ip37:Aux5,17272,43,78
Ip37:Aux6,17273,43,79
Ip37:Aux7,17274,43,7A
Ip37:Aux8,17275,43,7B
Ip37:Aux9,17276,43,7C
Ip37:Aux10,17277,43,7D
Ip37:Aux11,17278,43,7E
Ip37:Aux12,17279,43,7F
Ip38:LR,16421,40,25
Ip38:Aux1,17408,44,00
Ip38:Aux2,17409,44,01
Ip38:Aux3,17410,44,02
Ip38:Aux4,17411,44,03
Ip38:Aux5,17412,44,04
Ip38:Aux6,17413,44,05
Ip38:Aux7,17414,44,06
Ip38:Aux8,17415,44,07
Ip38:Aux9,17416,44,08
Ip38:Aux10,17417,44,09
Ip38:Aux11,17418,44,0A
Ip38:Aux12,17419,44,0B
Ip39:LR,16422,40,26
Ip39:Aux1,17420,44,0C
Ip39:Aux2,17421,44,0D
Ip39:Aux3,17422,44,0E
Ip39:Aux4,17423,44,0F
Ip39:Aux5,17424,44,10
Ip39:Aux6,17425,44,11
Ip39:Aux7,17426,44,12
Ip39:Aux8,17427,44,13
Ip39:Aux9,17428,44,14
Ip39:Aux10,17429,44,15
Ip39:Aux11,17430,44,16
Ip39:Aux12,17431,44,17
Ip40:LR,16423,40,27
Ip40:Aux1,17432,44,18
Ip40:Aux2,17433,44,19
Ip40:Aux3,17434,44,1A
Ip40:Aux4,17435,44,1B
Ip40:Aux5,17436,44,1C
Ip40:Aux6,17437,44,1D
Ip40:Aux7,17438,44,1E
Ip40:Aux8,17439,44,1F
Ip40:Aux9,17440,44,20
Ip40:Aux10,17441,44,21
Ip40:Aux11,17442,44,22
Ip40:Aux12,17443,44,23
Ip41:LR,16424,40,28
Ip41:Aux1,17444,44,24
Ip41:Aux2,17445,44,25
Ip41:Aux3,17446,44,26
Ip41:Aux4,17447,44,27
Ip41:Aux5,17448,44,28
Ip41:Aux6,17449,44,29
Ip41:Aux7,17450,44,2A
Ip41:Aux8,17451,44,2B
Ip41:Aux9,17452,44,2C
Ip41:Aux10,17453,44,2D
Ip41:Aux11,17454,44,2E
Ip41:Aux12,17455,44,2F
Ip42:LR,16425,40,29
Ip42:Aux1,17456,44,30
Ip42:Aux2,17457,44,31
Ip42:Aux3,17458,44,32
Ip42:Aux4,17459,44,33
Ip42:Aux5,17460,44,34
Ip42:Aux6,17461,44,35
Ip42:Aux7,17462,44,36
Ip42:Aux8,17463,44,37
Ip42:Aux9,17464,44,38
Ip42:Aux10,17465,44,39
Ip42:Aux11,17466,44,3A
Ip42:Aux12,17467,44,3B
Ip43:LR,16426,40,2A
Ip43:Aux1,17468,44,3C
Ip43:Aux2,17469,44,3D
Ip43:Aux3,17470,44,3E
Ip43:Aux4,17471,44,3F
Ip43:Aux5,17472,44,40
Ip43:Aux6,17473,44,41
Ip43:Aux7,17474,44,42
Ip43:Aux8,17475,44,43
Ip43:Aux9,17476,44,44
Ip43:Aux10,17477,44,45
Ip43:Aux11,17478,44,46
Ip43:Aux12,17479,44,47
Ip44:LR,16427,40,2B
Ip44:Aux1,17480,44,48
Ip44:Aux2,17481,44,49
Ip44:Aux3,17482,44,4A
Ip44:Aux4,17483,44,4B
Ip44:Aux5,17484,44,4C
Ip44:Aux6,17485,44,4D
Ip44:Aux7,17486,44,4E
Ip44:Aux8,17487,44,4F
Ip44:Aux9,17488,44,50
Ip44:Aux10,17489,44,51
Ip44:Aux11,17490,44,52
Ip44:Aux12,17491,44,53
Ip45:LR,16428,40,2C
Ip45:Aux1,17492,44,54
Ip45:Aux2,17493,44,55
Ip45:Aux3,17494,44,56
Ip45:Aux4,17495,44,57
Ip45:Aux5,17496,44,58
Ip45:Aux6,17497,44,59
Ip45:Aux7,17498,44,5A
Ip45:Aux8,17499,44,5B
Ip45:Aux9,17500,44,5C
Ip45:Aux10,17501,44,5D
Ip45:Aux11,17502,44,5E
Ip45:Aux12,17503,44,5F
Ip46:LR,16429,40,2D
Ip46:Aux1,17504,44,60
Ip46:Aux2,17505,44,61
Ip46:Aux3,17506,44,62
Ip46:Aux4,17507,44,63
Ip46:Aux5,17508,44,64
Ip46:Aux6,17509,44,65
Ip46:Aux7,17510,44,66
Ip46:Aux8,17511,44,67
Ip46:Aux9,17512,44,68
Ip46:Aux10,17513,44,69
Ip46:Aux11,17514,44,6A
Ip46:Aux12,17515,44,6B
Ip47:LR,16430,40,2E
Ip47:Aux1,17516,44,6C
Ip47:Aux2,17517,44,6D
Ip47:Aux3,17518,44,6E
Ip47:Aux4,17519,44,6F
Ip47:Aux5,17520,44,70
Ip47:Aux6,17521,44,71
Ip47:Aux7,17522,44,72
Ip47:Aux8,17523,44,73
Ip47:Aux9,17524,44,74
Ip47:Aux10,17525,44,75
Ip47:Aux11,17526,44,76
Ip47:Aux12,17527,44,77
Ip48:LR,16431,40,2F
Ip48:Aux1,17528,44,78
Ip48:Aux2,17529,44,79
Ip48:Aux3,17530,44,7A
Ip48:Aux4,17531,44,7B
Ip48:Aux5,17532,44,7C
Ip48:Aux6,17533,44,7D
Ip48:Aux7,17534,44,7E
Ip48:Aux8,17535,44,7F
Ip48:Aux9,17664,45,00
Ip48:Aux10,17665,45,01
Ip48:Aux11,17666,45,02
Ip48:Aux12,17667,45,03
Grp1:LR,16432,40,30
Grp1:Aux1,17668,45,04
Grp1:Aux2,17669,45,05
Grp1:Aux3,17670,45,06
Grp1:Aux4,17671,45,07
Grp1:Aux5,17672,45,08
Grp1:Aux6,17673,45,09
Grp1:Aux7,17674,45,0A
Grp1:Aux8,17675,45,0B
Grp1:Aux9,17676,45,0C
Grp1:Aux10,17677,45,0D
Grp1:Aux11,17678,45,0E
Grp2:LR,16433,40,31
Grp2:Aux1,17680,45,10
Grp2:Aux2,17681,45,11
Grp2:Aux3,17682,45,12
Grp2:Aux4,17683,45,13
Grp2:Aux5,17684,45,14
Grp2:Aux6,17685,45,15
Grp2:Aux7,17686,45,16
Grp2:Aux8,17687,45,17
Grp2:Aux9,17688,45,18
Grp2:Aux10,17689,45,19
Grp3:LR,16434,40,32
Grp3:Aux1,17692,45,1C
Grp3:Aux2,17693,45,1D
Grp3:Aux3,17694,45,1E
Grp3:Aux4,17695,45,1F
Grp3:Aux5,17696,45,20
Grp3:Aux6,17697,45,21
Grp3:Aux7,17698,45,22
Grp3:Aux8,17699,45,23
Grp3:Aux9,17700,45,24
Grp4:LR,16435,40,33
Grp4:Aux1,17704,45,28
Grp4:Aux2,17705,45,29
Grp4:Aux3,17706,45,2A
Grp4:Aux4,17707,45,2B
Grp4:Aux5,17708,45,2C
Grp4:Aux6,17709,45,2D
Grp4:Aux7,17710,45,2E
Grp4:Aux8,17711,45,2F
Grp5:LR,16436,40,34
Grp5:Aux1,17716,45,34
Grp5:Aux2,17717,45,35
Grp5:Aux3,17718,45,36
Grp5:Aux4,17719,45,37
Grp5:Aux5,17720,45,38
Grp5:Aux6,17721,45,39
Grp5:Aux7,17722,45,3A
Grp6:LR,16437,40,35
Grp6:Aux1,17728,45,40
Grp6:Aux2,17729,45,41
Grp6:Aux3,17730,45,42
Grp6:Aux4,17731,45,43
Grp6:Aux5,17732,45,44
Grp6:Aux6,17733,45,45
Grp7:LR,16438,40,36
Grp7:Aux1,17740,45,4C
Grp7:Aux2,17741,45,4D
Grp7:Aux3,17742,45,4E
Grp7:Aux4,17743,45,4F
Grp7:Aux5,17744,45,50
Grp8:LR,16439,40,37
Grp8:Aux1,17752,45,58
Grp8:Aux2,17753,45,59
Grp8:Aux3,17754,45,5A
Grp8:Aux4,17755,45,5B
Grp9:LR,16440,40,38
Grp9:Aux1,17764,45,64
Grp9:Aux2,17765,45,65
Grp9:Aux3,17766,45,66
Grp10:LR,16441,40,39
Grp10:Aux1,17776,45,70
Grp10:Aux2,17777,45,71
Grp11:LR,16442,40,3A
Grp11:Aux1,17788,45,7C
Grp12:LR,16443,40,3B
FX1Rtn:LR,16444,40,3C
FX1Rtn:Aux1,17940,46,14
FX1Rtn:Aux2,17941,46,15
FX1Rtn:Aux3,17942,46,16
FX1Rtn:Aux4,17943,46,17
FX1Rtn:Aux5,17944,46,18
FX1Rtn:Aux6,17945,46,19
FX1Rtn:Aux7,17946,46,1A
FX1Rtn:Aux8,17947,46,1B
FX1Rtn:Aux9,17948,46,1C
FX1Rtn:Aux10,17949,46,1D
FX1Rtn:Aux11,17950,46,1E
FX1Rtn:Aux12,17951,46,1F
FX2Rtn:LR,16445,40,3D
FX2Rtn:Aux1,17952,46,20
FX2Rtn:Aux2,17953,46,21
FX2Rtn:Aux3,17954,46,22
FX2Rtn:Aux4,17955,46,23
FX2Rtn:Aux5,17956,46,24
FX2Rtn:Aux6,17957,46,25
FX2Rtn:Aux7,17958,46,26
FX2Rtn:Aux8,17959,46,27
FX2Rtn:Aux9,17960,46,28
FX2Rtn:Aux10,17961,46,29
FX2Rtn:Aux11,17962,46,2A
FX2Rtn:Aux12,17963,46,2B
FX3Rtn:LR,16446,40,3E
FX3Rtn:Aux1,17964,46,2C
FX3Rtn:Aux2,17965,46,2D
FX3Rtn:Aux3,17966,46,2E
FX3Rtn:Aux4,17967,46,2F
FX3Rtn:Aux5,17968,46,30
FX3Rtn:Aux6,17969,46,31
FX3Rtn:Aux7,17970,46,32
FX3Rtn:Aux8,17971,46,33
FX3Rtn:Aux9,17972,46,34
FX3Rtn:Aux10,17973,46,35
FX3Rtn:Aux11,17974,46,36
FX3Rtn:Aux12,17975,46,37
FX4Rtn:LR,16447,40,3F
FX4Rtn:Aux1,17976,46,38
FX4Rtn:Aux2,17977,46,39
FX4Rtn:Aux3,17978,46,3A
FX4Rtn:Aux4,17979,46,3B
FX4Rtn:Aux5,17980,46,3C
FX4Rtn:Aux6,17981,46,3D
FX4Rtn:Aux7,17982,46,3E
FX4Rtn:Aux8,17983,46,3F
FX4Rtn:Aux9,17984,46,40
FX4Rtn:Aux10,17985,46,41
FX4Rtn:Aux11,17986,46,42
FX4Rtn:Aux12,17987,46,43
FX5Rtn:LR,16448,40,40
FX5Rtn:Aux1,17988,46,44
FX5Rtn:Aux2,17989,46,45
FX5Rtn:Aux3,17990,46,46
FX5Rtn:Aux4,17991,46,47
FX5Rtn:Aux5,17992,46,48
FX5Rtn:Aux6,17993,46,49
FX5Rtn:Aux7,17994,46,4A
FX5Rtn:Aux8,17995,46,4B
FX5Rtn:Aux9,17996,46,4C
FX5Rtn:Aux10,17997,46,4D
FX5Rtn:Aux11,17998,46,4E
FX5Rtn:Aux12,17999,46,4F
FX6Rtn:LR,16449,40,41
FX6Rtn:Aux1,18000,46,50
FX6Rtn:Aux2,18001,46,51
FX6Rtn:Aux3,18002,46,52
FX6Rtn:Aux4,18003,46,53
FX6Rtn:Aux5,18004,46,54
FX6Rtn:Aux6,18005,46,55
FX6Rtn:Aux7,18006,46,56
FX6Rtn:Aux8,18007,46,57
FX6Rtn:Aux9,18008,46,58
FX6Rtn:Aux10,18009,46,59
FX6Rtn:Aux11,18010,46,5A
FX6Rtn:Aux12,18011,46,5B
FX7Rtn:LR,16450,40,42
FX7Rtn:Aux1,18012,46,5C
FX7Rtn:Aux2,18013,46,5D
FX7Rtn:Aux3,18014,46,5E
FX7Rtn:Aux4,18015,46,5F
FX7Rtn:Aux5,18016,46,60
FX7Rtn:Aux6,18017,46,61
FX7Rtn:Aux7,18018,46,62
FX7Rtn:Aux8,18019,46,63
FX7Rtn:Aux9,18020,46,64
FX7Rtn:Aux10,18021,46,65
FX7Rtn:Aux11,18022,46,66
FX7Rtn:Aux12,18023,46,67
FX8Rtn:LR,16451,40,43
FX8Rtn:Aux1,18024,46,68
FX8Rtn:Aux2,18025,46,69
FX8Rtn:Aux3,18026,46,6A
FX8Rtn:Aux4,18027,46,6B
FX8Rtn:Aux5,18028,46,6C
FX8Rtn:Aux6,18029,46,6D
FX8Rtn:Aux7,18030,46,6E
FX8Rtn:Aux8,18031,46,6F
FX8Rtn:Aux9,18032,46,70
FX8Rtn:Aux10,18033,46,71
FX8Rtn:Aux11,18034,46,72
FX8Rtn:Aux12,18035,46,73
FX1Rtn:Grp1,19252,4B,34
FX1Rtn:Grp2,19253,4B,35
FX1Rtn:Grp3,19254,4B,36
FX1Rtn:Grp4,19255,4B,37
FX1Rtn:Grp5,19256,4B,38
FX1Rtn:Grp6,19257,4B,39
FX1Rtn:Grp7,19258,4B,3A
FX1Rtn:Grp8,19259,4B,3B
FX1Rtn:Grp9,19260,4B,3C
FX1Rtn:Grp10,19261,4B,3D
FX1Rtn:Grp11,19262,4B,3E
FX1Rtn:Grp12,19263,4B,3F
FX2Rtn:Grp1,19264,4B,40
FX2Rtn:Grp2,19265,4B,41
FX2Rtn:Grp3,19266,4B,42
FX2Rtn:Grp4,19267,4B,43
FX2Rtn:Grp5,19268,4B,44
FX2Rtn:Grp6,19269,4B,45
FX2Rtn:Grp7,19270,4B,46
FX2Rtn:Grp8,19271,4B,47
FX2Rtn:Grp9,19272,4B,48
FX2Rtn:Grp10,19273,4B,49
FX2Rtn:Grp11,19274,4B,4A
FX2Rtn:Grp12,19275,4B,4B
FX3Rtn:Grp1,19276,4B,4C
FX3Rtn:Grp2,19277,4B,4D
FX3Rtn:Grp3,19278,4B,4E
FX3Rtn:Grp4,19279,4B,4F
FX3Rtn:Grp5,19280,4B,50
FX3Rtn:Grp6,19281,4B,51
FX3Rtn:Grp7,19282,4B,52
FX3Rtn:Grp8,19283,4B,53
FX3Rtn:Grp9,19284,4B,54
FX3Rtn:Grp10,19285,4B,55
FX3Rtn:Grp11,19286,4B,56
FX3Rtn:Grp12,19287,4B,57
FX4Rtn:Grp1,19288,4B,58
FX4Rtn:Grp2,19289,4B,59
FX4Rtn:Grp3,19290,4B,5A
FX4Rtn:Grp4,19291,4B,5B
FX4Rtn:Grp5,19292,4B,5C
FX4Rtn:Grp6,19293,4B,5D
FX4Rtn:Grp7,19294,4B,5E
FX4Rtn:Grp8,19295,4B,5F
FX4Rtn:Grp9,19296,4B,60
FX4Rtn:Grp10,19297,4B,61
FX4Rtn:Grp11,19298,4B,62
FX4Rtn:Grp12,19299,4B,63
FX5Rtn:Grp1,19300,4B,64
FX5Rtn:Grp2,19301,4B,65
FX5Rtn:Grp3,19302,4B,66
FX5Rtn:Grp4,19303,4B,67
FX5Rtn:Grp5,19304,4B,68
FX5Rtn:Grp6,19305,4B,69
FX5Rtn:Grp7,19306,4B,6A
FX5Rtn:Grp8,19307,4B,6B
FX5Rtn:Grp9,19308,4B,6C
FX5Rtn:Grp10,19309,4B,6D
FX5Rtn:Grp11,19310,4B,6E
FX5Rtn:Grp12,19311,4B,6F
FX6Rtn:Grp1,19312,4B,70
FX6Rtn:Grp2,19313,4B,71
FX6Rtn:Grp3,19314,4B,72
FX6Rtn:Grp4,19315,4B,73
FX6Rtn:Grp5,19316,4B,74
FX6Rtn:Grp6,19317,4B,75
FX6Rtn:Grp7,19318,4B,76
FX6Rtn:Grp8,19319,4B,77
FX6Rtn:Grp9,19320,4B,78
FX6Rtn:Grp10,19321,4B,79
FX6Rtn:Grp11,19322,4B,7A
FX6Rtn:Grp12,19323,4B,7B
FX7Rtn:Grp1,19324,4B,7C
FX7Rtn:Grp2,19325,4B,7D
FX7Rtn:Grp3,19326,4B,7E
FX7Rtn:Grp4,19327,4B,7F
FX7Rtn:Grp5,19456,4C,00
FX7Rtn:Grp6,19457,4C,01
FX7Rtn:Grp7,19458,4C,02
FX7Rtn:Grp8,19459,4C,03
FX7Rtn:Grp9,19460,4C,04
FX7Rtn:Grp10,19461,4C,05
FX7Rtn:Grp11,19462,4C,06
FX7Rtn:Grp12,19463,4C,07
FX8Rtn:Grp1,19464,4C,08
FX8Rtn:Grp2,19465,4C,09
FX8Rtn:Grp3,19466,4C,0A
FX8Rtn:Grp4,19467,4C,0B
FX8Rtn:Grp5,19468,4C,0C
FX8Rtn:Grp6,19469,4C,0D
FX8Rtn:Grp7,19470,4C,0E
FX8Rtn:Grp8,19471,4C,0F
FX8Rtn:Grp9,19472,4C,10
FX8Rtn:Grp10,19473,4C,11
FX8Rtn:Grp11,19474,4C,12
FX8Rtn:Grp12,19475,4C,13
Ip1:FX1Snd,19476,4C,14
Ip1:FX2Snd,19477,4C,15
Ip1:FX3Snd,19478,4C,16
Ip1:FX4Snd,19479,4C,17
Ip2:FX1Snd,19480,4C,18
Ip2:FX2Snd,19481,4C,19
Ip2:FX3Snd,19482,4C,1A
Ip2:FX4Snd,19483,4C,1B
Ip3:FX1Snd,19484,4C,1C
Ip3:FX2Snd,19485,4C,1D
Ip3:FX3Snd,19486,4C,1E
Ip3:FX4Snd,19487,4C,1F
Ip4:FX1Snd,19488,4C,20
Ip4:FX2Snd,19489,4C,21
Ip4:FX3Snd,19490,4C,22
Ip4:FX4Snd,19491,4C,23
Ip5:FX1Snd,19492,4C,24
Ip5:FX2Snd,19493,4C,25
Ip5:FX3Snd,19494,4C,26
Ip5:FX4Snd,19495,4C,27
Ip6:FX1Snd,19496,4C,28
Ip6:FX2Snd,19497,4C,29
Ip6:FX3Snd,19498,4C,2A
Ip6:FX4Snd,19499,4C,2B
Ip7:FX1Snd,19500,4C,2C
Ip7:FX2Snd,19501,4C,2D
Ip7:FX3Snd,19502,4C,2E
Ip7:FX4Snd,19503,4C,2F
Ip8:FX1Snd,19504,4C,30
Ip8:FX2Snd,19505,4C,31
Ip8:FX3Snd,19506,4C,32
Ip8:FX4Snd,19507,4C,33
Ip9:FX1Snd,19508,4C,34
Ip9:FX2Snd,19509,4C,35
Ip9:FX3Snd,19510,4C,36
Ip9:FX4Snd,19511,4C,37
Ip10:FX1Snd,19512,4C,38
Ip10:FX2Snd,19513,4C,39
Ip10:FX3Snd,19514,4C,3A
Ip10:FX4Snd,19515,4C,3B
Ip11:FX1Snd,19516,4C,3C
Ip11:FX2Snd,19517,4C,3D
Ip11:FX3Snd,19518,4C,3E
Ip11:FX4Snd,19519,4C,3F
Ip12:FX1Snd,19520,4C,40
Ip12:FX2Snd,19521,4C,41
Ip12:FX3Snd,19522,4C,42
Ip12:FX4Snd,19523,4C,43
Ip13:FX1Snd,19524,4C,44
Ip13:FX2Snd,19525,4C,45
Ip13:FX3Snd,19526,4C,46
Ip13:FX4Snd,19527,4C,47
Ip14:FX1Snd,19528,4C,48
Ip14:FX2Snd,19529,4C,49
Ip14:FX3Snd,19530,4C,4A
Ip14:FX4Snd,19531,4C,4B
Ip15:FX1Snd,19532,4C,4C
Ip15:FX2Snd,19533,4C,4D
Ip15:FX3Snd,19534,4C,4E
Ip15:FX4Snd,19535,4C,4F
Ip16:FX1Snd,19536,4C,50
Ip16:FX2Snd,19537,4C,51
Ip16:FX3Snd,19538,4C,52
Ip16:FX4Snd,19539,4C,53
Ip17:FX1Snd,19540,4C,54
Ip17:FX2Snd,19541,4C,55
Ip17:FX3Snd,19542,4C,56
Ip17:FX4Snd,19543,4C,57
Ip18:FX1Snd,19544,4C,58
Ip18:FX2Snd,19545,4C,59
Ip18:FX3Snd,19546,4C,5A
Ip18:FX4Snd,19547,4C,5B
Ip19:FX1Snd,19548,4C,5C
Ip19:FX2Snd,19549,4C,5D
Ip19:FX3Snd,19550,4C,5E
Ip19:FX4Snd,19551,4C,5F
Ip20:FX1Snd,19552,4C,60
Ip20:FX2Snd,19553,4C,61
Ip20:FX3Snd,19554,4C,62
Ip20:FX4Snd,19555,4C,63
Ip21:FX1Snd,19556,4C,64
Ip21:FX2Snd,19557,4C,65
Ip21:FX3Snd,19558,4C,66
Ip21:FX4Snd,19559,4C,67
Ip22:FX1Snd,19560,4C,68
Ip22:FX2Snd,19561,4C,69
Ip22:FX3Snd,19562,4C,6A
Ip22:FX4Snd,19563,4C,6B
Ip23:FX1Snd,19564,4C,6C
Ip23:FX2Snd,19565,4C,6D
Ip23:FX3Snd,19566,4C,6E
Ip23:FX4Snd,19567,4C,6F
Ip24:FX1Snd,19568,4C,70
Ip24:FX2Snd,19569,4C,71
Ip24:FX3Snd,19570,4C,72
Ip24:FX4Snd,19571,4C,73
Ip25:FX1Snd,19572,4C,74
Ip25:FX2Snd,19573,4C,75
Ip25:FX3Snd,19574,4C,76
Ip25:FX4Snd,19575,4C,77
Ip26:FX1Snd,19576,4C,78
Ip26:FX2Snd,19577,4C,79
Ip26:FX3Snd,19578,4C,7A
Ip26:FX4Snd,19579,4C,7B
Ip27:FX1Snd,19580,4C,7C
Ip27:FX2Snd,19581,4C,7D
Ip27:FX3Snd,19582,4C,7E
Ip27:FX4Snd,19583,4C,7F
Ip28:FX1Snd,19712,4D,00
Ip28:FX2Snd,19713,4D,01
Ip28:FX3Snd,19714,4D,02
Ip28:FX4Snd,19715,4D,03
Ip29:FX1Snd,19716,4D,04
Ip29:FX2Snd,19717,4D,05
Ip29:FX3Snd,19718,4D,06
Ip29:FX4Snd,19719,4D,07
Ip30:FX1Snd,19720,4D,08
Ip30:FX2Snd,19721,4D,09
Ip30:FX3Snd,19722,4D,0A
Ip30:FX4Snd,19723,4D,0B
Ip31:FX1Snd,19724,4D,0C
Ip31:FX2Snd,19725,4D,0D
Ip31:FX3Snd,19726,4D,0E
Ip31:FX4Snd,19727,4D,0F
Ip32:FX1Snd,19728,4D,10
Ip32:FX2Snd,19729,4D,11
Ip32:FX3Snd,19730,4D,12
Ip32:FX4Snd,19731,4D,13
Ip33:FX1Snd,19732,4D,14
Ip33:FX2Snd,19733,4D,15
Ip33:FX3Snd,19734,4D,16
Ip33:FX4Snd,19735,4D,17
Ip34:FX1Snd,19736,4D,18
Ip34:FX2Snd,19737,4D,19
Ip34:FX3Snd,19738,4D,1A
Ip34:FX4Snd,19739,4D,1B
Ip35:FX1Snd,19740,4D,1C
Ip35:FX2Snd,19741,4D,1D
Ip35:FX3Snd,19742,4D,1E
Ip35:FX4Snd,19743,4D,1F
Ip36:FX1Snd,19744,4D,20
Ip36:FX2Snd,19745,4D,21
Ip36:FX3Snd,19746,4D,22
Ip36:FX4Snd,19747,4D,23
Ip37:FX1Snd,19748,4D,24
Ip37:FX2Snd,19749,4D,25
Ip37:FX3Snd,19750,4D,26
Ip37:FX4Snd,19751,4D,27
Ip38:FX1Snd,19752,4D,28
Ip38:FX2Snd,19753,4D,29
Ip38:FX3Snd,19754,4D,2A
Ip38:FX4Snd,19755,4D,2B
Ip39:FX1Snd,19756,4D,2C
Ip39:FX2Snd,19757,4D,2D
Ip39:FX3Snd,19758,4D,2E
Ip39:FX4Snd,19759,4D,2F
Ip40:FX1Snd,19760,4D,30
Ip40:FX2Snd,19761,4D,31
Ip40:FX3Snd,19762,4D,32
Ip40:FX4Snd,19763,4D,33
Ip41:FX1Snd,19764,4D,34
Ip41:FX2Snd,19765,4D,35
Ip41:FX3Snd,19766,4D,36
Ip41:FX4Snd,19767,4D,37
Ip42:FX1Snd,19768,4D,38
Ip42:FX2Snd,19769,4D,39
Ip42:FX3Snd,19770,4D,3A
Ip42:FX4Snd,19771,4D,3B
Ip43:FX1Snd,19772,4D,3C
Ip43:FX2Snd,19773,4D,3D
Ip43:FX3Snd,19774,4D,3E
Ip43:FX4Snd,19775,4D,3F
Ip44:FX1Snd,19776,4D,40
Ip44:FX2Snd,19777,4D,41
Ip44:FX3Snd,19778,4D,42
Ip44:FX4Snd,19779,4D,43
Ip45:FX1Snd,19780,4D,44
Ip45:FX2Snd,19781,4D,45
Ip45:FX3Snd,19782,4D,46
Ip45:FX4Snd,19783,4D,47
Ip46:FX1Snd,19784,4D,48
Ip46:FX2Snd,19785,4D,49
Ip46:FX3Snd,19786,4D,4A
Ip46:FX4Snd,19787,4D,4B
Ip47:FX1Snd,19788,4D,4C
Ip47:FX2Snd,19789,4D,4D
Ip47:FX3Snd,19790,4D,4E
Ip47:FX4Snd,19791,4D,4F
Ip48:FX1Snd,19792,4D,50
Ip48:FX2Snd,19793,4D,51
Ip48:FX3Snd,19794,4D,52
Ip48:FX4Snd,19795,4D,53
Grp1:FX1Snd,19796,4D,54
Grp1:FX2Snd,19797,4D,55
Grp1:FX3Snd,19798,4D,56
Grp1:FX4Snd,19799,4D,57
Grp2:FX1Snd,19800,4D,58
Grp2:FX2Snd,19801,4D,59
Grp2:FX3Snd,19802,4D,5A
Grp2:FX4Snd,19803,4D,5B
Grp3:FX1Snd,19804,4D,5C
Grp3:FX2Snd,19805,4D,5D
Grp3:FX3Snd,19806,4D,5E
Grp3:FX4Snd,19807,4D,5F
Grp4:FX1Snd,19808,4D,60
Grp4:FX2Snd,19809,4D,61
Grp4:FX3Snd,19810,4D,62
Grp4:FX4Snd,19811,4D,63
Grp5:FX1Snd,19812,4D,64
Grp5:FX2Snd,19813,4D,65
Grp5:FX3Snd,19814,4D,66
Grp5:FX4Snd,19815,4D,67
Grp6:FX1Snd,19816,4D,68
Grp6:FX2Snd,19817,4D,69
Grp6:FX3Snd,19818,4D,6A
Grp6:FX4Snd,19819,4D,6B
Grp7:FX1Snd,19820,4D,6C
Grp7:FX2Snd,19821,4D,6D
Grp7:FX3Snd,19822,4D,6E
Grp7:FX4Snd,19823,4D,6F
Grp8:FX1Snd,19824,4D,70
Grp8:FX2Snd,19825,4D,71
Grp8:FX3Snd,19826,4D,72
Grp8:FX4Snd,19827,4D,73
Grp9:FX1Snd,19828,4D,74
Grp9:FX2Snd,19829,4D,75
Grp9:FX3Snd,19830,4D,76
Grp9:FX4Snd,19831,4D,77
Grp10:FX1Snd,19832,4D,78
Grp10:FX2Snd,19833,4D,79
Grp10:FX3Snd,19834,4D,7A
Grp10:FX4Snd,19835,4D,7B
Grp11:FX1Snd,19836,4D,7C
Grp11:FX2Snd,19837,4D,7D
Grp11:FX3Snd,19838,4D,7E
Grp11:FX4Snd,19839,4D,7F
Grp12:FX1Snd,19968,4E,00
Grp12:FX2Snd,19969,4E,01
Grp12:FX3Snd,19970,4E,02
Grp12:FX4Snd,19971,4E,03
FX1Rtn:FX1Snd,19972,4E,04
FX1Rtn:FX2Snd,19973,4E,05
FX1Rtn:FX3Snd,19974,4E,06
FX1Rtn:FX4Snd,19975,4E,07
FX2Rtn:FX1Snd,19976,4E,08
FX2Rtn:FX2Snd,19977,4E,09
FX2Rtn:FX3Snd,19978,4E,0A
FX2Rtn:FX4Snd,19979,4E,0B
FX3Rtn:FX1Snd,19980,4E,0C
FX3Rtn:FX2Snd,19981,4E,0D
FX3Rtn:FX3Snd,19982,4E,0E
FX3Rtn:FX4Snd,19983,4E,0F
FX4Rtn:FX1Snd,19984,4E,10
FX4Rtn:FX2Snd,19985,4E,11
FX4Rtn:FX3Snd,19986,4E,12
FX4Rtn:FX4Snd,19987,4E,13
FX5Rtn:FX1Snd,19988,4E,14
FX5Rtn:FX2Snd,19989,4E,15
FX5Rtn:FX3Snd,19990,4E,16
FX5Rtn:FX4Snd,19991,4E,17
FX6Rtn:FX1Snd,19992,4E,18
FX6Rtn:FX2Snd,19993,4E,19
FX6Rtn:FX3Snd,19994,4E,1A
FX6Rtn:FX4Snd,19995,4E,1B
FX7Rtn:FX1Snd,19996,4E,1C
FX7Rtn:FX2Snd,19997,4E,1D
FX7Rtn:FX3Snd,19998,4E,1E
FX7Rtn:FX4Snd,19999,4E,1F
FX8Rtn:FX1Snd,20000,4E,20
FX8Rtn:FX2Snd,20001,4E,21
FX8Rtn:FX3Snd,20002,4E,22
FX8Rtn:FX4Snd,20003,4E,23
LR:Mtx1,20004,4E,24
LR:Mtx2,20005,4E,25
LR:Mtx3,20006,4E,26
Aux1:Mtx1,20007,4E,27
Aux1:Mtx2,20008,4E,28
Aux1:Mtx3,20009,4E,29
Aux2:Mtx1,20010,4E,2A
Aux2:Mtx2,20011,4E,2B
Aux2:Mtx3,20012,4E,2C
Aux3:Mtx1,20013,4E,2D
Aux3:Mtx2,20014,4E,2E
Aux3:Mtx3,20015,4E,2F
Aux4:Mtx1,20016,4E,30
Aux4:Mtx2,20017,4E,31
Aux4:Mtx3,20018,4E,32
Aux5:Mtx1,20019,4E,33
Aux5:Mtx2,20020,4E,34
Aux5:Mtx3,20021,4E,35
Aux6:Mtx1,20022,4E,36
Aux6:Mtx2,20023,4E,37
Aux6:Mtx3,20024,4E,38
Aux7:Mtx1,20025,4E,39
Aux7:Mtx2,20026,4E,3A
Aux7:Mtx3,20027,4E,3B
Aux8:Mtx1,20028,4E,3C
Aux8:Mtx2,20029,4E,3D
Aux8:Mtx3,20030,4E,3E
Aux9:Mtx1,20031,4E,3F
Aux9:Mtx2,20032,4E,40
Aux9:Mtx3,20033,4E,41
Aux10:Mtx1,20034,4E,42
Aux10:Mtx2,20035,4E,43
Aux10:Mtx3,20036,4E,44
Aux11:Mtx1,20037,4E,45
Aux11:Mtx2,20038,4E,46
Aux11:Mtx3,20039,4E,47
Aux12:Mtx1,20040,4E,48
Aux12:Mtx2,20041,4E,49
Aux12:Mtx3,20042,4E,4A
Grp1:Mtx1,20043,4E,4B
Grp1:Mtx2,20044,4E,4C
Grp1:Mtx3,20045,4E,4D
Grp2:Mtx1,20046,4E,4E
Grp2:Mtx2,20047,4E,4F
Grp2:Mtx3,20048,4E,50
Grp3:Mtx1,20049,4E,51
Grp3:Mtx2,20050,4E,52
Grp3:Mtx3,20051,4E,53
Grp4:Mtx1,20052,4E,54
Grp4:Mtx2,20053,4E,55
Grp4:Mtx3,20054,4E,56
Grp5:Mtx1,20055,4E,57
Grp5:Mtx2,20056,4E,58
Grp5:Mtx3,20057,4E,59
Grp6:Mtx1,20058,4E,5A
Grp6:Mtx2,20059,4E,5B
Grp6:Mtx3,20060,4E,5C
Grp7:Mtx1,20061,4E,5D
Grp7:Mtx2,20062,4E,5E
Grp7:Mtx3,20063,4E,5F
Grp8:Mtx1,20064,4E,60
Grp8:Mtx2,20065,4E,61
Grp8:Mtx3,20066,4E,62
Grp9:Mtx1,20067,4E,63
Grp9:Mtx2,20068,4E,64
Grp9:Mtx3,20069,4E,65
Grp10:Mtx1,20070,4E,66
Grp10:Mtx2,20071,4E,67
Grp10:Mtx3,20072,4E,68
Grp11:Mtx1,20073,4E,69
Grp11:Mtx2,20074,4E,6A
Grp11:Mtx3,20075,4E,6B
Grp12:Mtx1,20076,4E,6C
Grp12:Mtx2,20077,4E,6D
Grp12:Mtx3,20078,4E,6E
LR:Output,20224,4F,00
Aux1:Output,20225,4F,01
Aux2:Output,20226,4F,02
Aux3:Output,20227,4F,03
Aux4:Output,20228,4F,04
Aux5:Output,20229,4F,05
Aux6:Output,20230,4F,06
Aux7:Output,20231,4F,07
Aux8:Output,20232,4F,08
Aux9:Output,20233,4F,09
Aux10:Output,20234,4F,0A
Aux11:Output,20235,4F,0B
Aux12:Output,20236,4F,0C
FX1Snd:Output,20237,4F,0D
FX2Snd:Output,20238,4F,0E
FX3Snd:Output,20239,4F,0F
FX4Snd:Output,20240,4F,10
Mtx1:Output,20241,4F,11
Mtx2:Output,20242,4F,12
Mtx3:Output,20243,4F,13
DCA1:Control,20256,4F,20
DCA2:Control,20257,4F,21
DCA3:Control,20258,4F,22
DCA4:Control,20259,4F,23
DCA5:Control,20260,4F,24
DCA6:Control,20261,4F,25
DCA7:Control,20262,4F,26
DCA8:Control,20263,4F,27
